INSERT INTO dbadeec.tipo_usuario (cd_tp_usuario, ds_tp_usuario)
VALUES (1, 'Admin');

INSERT INTO dbadeec.tipo_usuario (cd_tp_usuario, ds_tp_usuario)
VALUES (2, 'Aluno');

INSERT INTO dbadeec.usuarios (cd_usuario, nm_usuario, nr_cpf, ds_email, nr_ddd, nr_telefone, cd_tp_usuario, sn_ativo, dt_cadastro, hr_cadastro)
VALUES (1, 'ADMIN', '12345678901', 'admin@example.com', '11', '987654321', 1, 'S', '2023-06-25', '12:00:00');

INSERT INTO dbadeec.usuarios (cd_usuario, nm_usuario, nr_cpf, ds_email, nr_ddd, nr_telefone, cd_tp_usuario, sn_ativo, dt_cadastro, hr_cadastro)
VALUES (2, 'Maria Santos', '98765432101', 'maria.santos@example.com', '21', '123456789', 2, 'S', '2023-06-25', '13:30:00');

INSERT INTO dbadeec.usuarios (cd_usuario, nm_usuario, nr_cpf, ds_email, nr_ddd, nr_telefone, cd_tp_usuario, sn_ativo, dt_cadastro, hr_cadastro)
VALUES (3, 'Pedro Oliveira', '45678912301', 'pedro.oliveira@example.com', '31', '654321987', 2, 'S', '2023-06-25', '15:45:00');

INSERT INTO dbadeec.usuarios (cd_usuario, nm_usuario, nr_cpf, ds_email, nr_ddd, nr_telefone, cd_tp_usuario, sn_ativo, dt_cadastro, hr_cadastro)
VALUES (4, 'Ana Pereira', '78945612301', 'ana.pereira@example.com', '41', '987654321', 2, 'S', '2023-06-25', '17:20:00');

INSERT INTO dbadeec.usuarios (cd_usuario, nm_usuario, nr_cpf, ds_email, nr_ddd, nr_telefone, cd_tp_usuario, sn_ativo, dt_cadastro, hr_cadastro)
VALUES (5, 'Lucas Souza', '65478932101', 'lucas.souza@example.com', '51', '123456789', 2, 'S', '2023-06-25', '09:15:00');

INSERT INTO dbadeec.usuarios (cd_usuario, nm_usuario, nr_cpf, ds_email, nr_ddd, nr_telefone, cd_tp_usuario, sn_ativo, dt_cadastro, hr_cadastro)
VALUES (6, 'Carla Santos', '32198765401', 'carla.santos@example.com', '61', '654321987', 2, 'S', '2023-06-25', '11:30:00');

INSERT INTO dbadeec.usuarios (cd_usuario, nm_usuario, nr_cpf, ds_email, nr_ddd, nr_telefone, cd_tp_usuario, sn_ativo, dt_cadastro, hr_cadastro)
VALUES (7, 'Fernando Oliveira', '65412378901', 'fernando.oliveira@example.com', '71', '987654321', 2, 'S', '2023-06-25', '14:45:00');

INSERT INTO dbadeec.usuarios (cd_usuario, nm_usuario, nr_cpf, ds_email, nr_ddd, nr_telefone, cd_tp_usuario, sn_ativo, dt_cadastro, hr_cadastro)
VALUES (8, 'Sandra Lima', '98732165401', 'sandra.lima@example.com', '81', '123456789', 2, 'S', '2023-06-25', '16:20:00');

INSERT INTO dbadeec.usuarios (cd_usuario, nm_usuario, nr_cpf, ds_email, nr_ddd, nr_telefone, cd_tp_usuario, sn_ativo, dt_cadastro, hr_cadastro)
VALUES (9, 'Rafaela Castro', '32145698701', 'rafaela.castro@example.com', '91', '654321987', 2, 'S', '2023-06-25', '10:30:00');

INSERT INTO dbadeec.usuarios (cd_usuario, nm_usuario, nr_cpf, ds_email, nr_ddd, nr_telefone, cd_tp_usuario, sn_ativo, dt_cadastro, hr_cadastro)
VALUES (10, 'Mariano Silva', '65432178901', 'mariano.silva@example.com', '11', '987654321', 2, 'S', '2023-06-25', '13:15:00');

INSERT INTO dbadeec.usuarios (cd_usuario, nm_usuario, nr_cpf, ds_email, nr_ddd, nr_telefone, cd_tp_usuario, sn_ativo, dt_cadastro, hr_cadastro)
VALUES (11, 'Luiza Mendes', '78965432101', 'luiza.mendes@example.com', '21', '123456789', 2, 'S', '2023-06-25', '09:45:00');

INSERT INTO dbadeec.usuarios (cd_usuario, nm_usuario, nr_cpf, ds_email, nr_ddd, nr_telefone, cd_tp_usuario, sn_ativo, dt_cadastro, hr_cadastro)
VALUES (12, 'Felipe Costa', '12398765401', 'felipe.costa@example.com', '31', '654321987', 2, 'S', '2023-06-25', '11:00:00');

INSERT INTO dbadeec.usuarios (cd_usuario, nm_usuario, nr_cpf, ds_email, nr_ddd, nr_telefone, cd_tp_usuario, sn_ativo, dt_cadastro, hr_cadastro)
VALUES (13, 'Carolina Rodrigues', '45632198701', 'carolina.rodrigues@example.com', '41', '987654321', 2, 'S', '2023-06-25', '14:30:00');

INSERT INTO dbadeec.usuarios (cd_usuario, nm_usuario, nr_cpf, ds_email, nr_ddd, nr_telefone, cd_tp_usuario, sn_ativo, dt_cadastro, hr_cadastro)
VALUES (14, 'Gustavo Almeida', '78912365401', 'gustavo.almeida@example.com', '51', '123456789', 2, 'S', '2023-06-25', '16:00:00');

INSERT INTO dbadeec.usuarios (cd_usuario, nm_usuario, nr_cpf, ds_email, nr_ddd, nr_telefone, cd_tp_usuario, sn_ativo, dt_cadastro, hr_cadastro)
VALUES (15, 'Patrícia Santos', '12365498701', 'patricia.santos@example.com', '61', '654321987', 2, 'S', '2023-06-25', '09:30:00');

INSERT INTO dbadeec.usuarios (cd_usuario, nm_usuario, nr_cpf, ds_email, nr_ddd, nr_telefone, cd_tp_usuario, sn_ativo, dt_cadastro, hr_cadastro)
VALUES (16, 'Jane Smith', '12345678902', 'janesmith@example.com', '11', '987654322', 2, 'S', '2023-06-25', '10:00:00');

INSERT INTO dbadeec.usuarios (cd_usuario, nm_usuario, nr_cpf, ds_email, nr_ddd, nr_telefone, cd_tp_usuario, sn_ativo, dt_cadastro, hr_cadastro)
VALUES (17, 'Michael Johnson', '12345678903', 'michaeljohnson@example.com', '11', '987654323', 2, 'S', '2023-06-25', '11:00:00');

INSERT INTO dbadeec.usuarios (cd_usuario, nm_usuario, nr_cpf, ds_email, nr_ddd, nr_telefone, cd_tp_usuario, sn_ativo, dt_cadastro, hr_cadastro)
VALUES (18, 'Emily Davis', '12345678904', 'emilydavis@example.com', '11', '987654324', 2, 'S', '2023-06-25', '12:00:00');

INSERT INTO dbadeec.usuarios (cd_usuario, nm_usuario, nr_cpf, ds_email, nr_ddd, nr_telefone, cd_tp_usuario, sn_ativo, dt_cadastro, hr_cadastro)
VALUES (19, 'David Anderson', '12345678905', 'davidanderson@example.com', '11', '987654325', 2, 'S', '2023-06-25', '13:00:00');

INSERT INTO dbadeec.usuarios (cd_usuario, nm_usuario, nr_cpf, ds_email, nr_ddd, nr_telefone, cd_tp_usuario, sn_ativo, dt_cadastro, hr_cadastro)
VALUES (20, 'Maria Silva', '12345678906', 'mariasilva@example.com', '11', '987654326', 2, 'S', '2023-06-25', '14:00:00');

INSERT INTO dbadeec.usuarios (cd_usuario, nm_usuario, nr_cpf, ds_email, nr_ddd, nr_telefone, cd_tp_usuario, sn_ativo, dt_cadastro, hr_cadastro)
VALUES (21, 'Robert Johnson', '12345678907', 'robertjohnson@example.com', '11', '987654327', 2, 'S', '2023-06-25', '15:00:00');

INSERT INTO dbadeec.usuarios (cd_usuario, nm_usuario, nr_cpf, ds_email, nr_ddd, nr_telefone, cd_tp_usuario, sn_ativo, dt_cadastro, hr_cadastro)
VALUES (22, 'Julia Santos', '12345678908', 'juliasantos@example.com', '11', '987654328', 2, 'S', '2023-06-25', '16:00:00');

INSERT INTO dbadeec.usuarios (cd_usuario, nm_usuario, nr_cpf, ds_email, nr_ddd, nr_telefone, cd_tp_usuario, sn_ativo, dt_cadastro, hr_cadastro)
VALUES (23, 'Daniel Oliveira', '12345678909', 'danieloliveira@example.com', '11', '987654329', 2, 'S', '2023-06-25', '17:00:00');

INSERT INTO dbadeec.usuarios (cd_usuario, nm_usuario, nr_cpf, ds_email, nr_ddd, nr_telefone, cd_tp_usuario, sn_ativo, dt_cadastro, hr_cadastro)
VALUES (24, 'Isabella Costa', '12345678910', 'isabellacosta@example.com', '11', '987654330', 2, 'S', '2023-06-25', '18:00:00');

INSERT INTO dbadeec.usuarios (cd_usuario, nm_usuario, nr_cpf, ds_email, nr_ddd, nr_telefone, cd_tp_usuario, sn_ativo, dt_cadastro, hr_cadastro)
VALUES (25, 'Gabriel Almeida', '12345678911', 'gabrielalmeida@example.com', '11', '987654331', 2, 'S', '2023-06-25', '19:00:00');

INSERT INTO dbadeec.usuarios (cd_usuario, nm_usuario, nr_cpf, ds_email, nr_ddd, nr_telefone, cd_tp_usuario, sn_ativo, dt_cadastro, hr_cadastro)
VALUES (26, 'Sophia Ferreira', '12345678912', 'sophiaferreira@example.com', '11', '987654332', 2, 'S', '2023-06-25', '20:00:00');

INSERT INTO dbadeec.usuarios (cd_usuario, nm_usuario, nr_cpf, ds_email, nr_ddd, nr_telefone, cd_tp_usuario, sn_ativo, dt_cadastro, hr_cadastro)
VALUES (27, 'Luisa Gomes', '12345678913', 'luisagomes@example.com', '11', '987654333', 2, 'S', '2023-06-25', '21:00:00');

INSERT INTO dbadeec.usuarios (cd_usuario, nm_usuario, nr_cpf, ds_email, nr_ddd, nr_telefone, cd_tp_usuario, sn_ativo, dt_cadastro, hr_cadastro)
VALUES (28, 'Lucas Martins', '12345678914', 'lucasmartins@example.com', '11', '987654334', 2, 'S', '2023-06-25', '22:00:00');

INSERT INTO dbadeec.usuarios (cd_usuario, nm_usuario, nr_cpf, ds_email, nr_ddd, nr_telefone, cd_tp_usuario, sn_ativo, dt_cadastro, hr_cadastro)
VALUES (29, 'Mariana Rodrigues', '12345678915', 'marianarodrigues@example.com', '11', '987654335', 2, 'S', '2023-06-25', '23:00:00');

INSERT INTO dbadeec.usuarios (cd_usuario, nm_usuario, nr_cpf, ds_email, nr_ddd, nr_telefone, cd_tp_usuario, sn_ativo, dt_cadastro, hr_cadastro)
VALUES (30, 'Luiz Souza', '12345678916', 'luizsouza@example.com', '11', '987654336', 2, 'S', '2023-06-25', '09:00:00');

INSERT INTO dbadeec.usuarios (cd_usuario, nm_usuario, nr_cpf, ds_email, nr_ddd, nr_telefone, cd_tp_usuario, sn_ativo, dt_cadastro, hr_cadastro)
VALUES (31, 'Camila Ferreira', '12345678917', 'camilaferreira@example.com', '11', '987654337', 2, 'S', '2023-06-25', '10:00:00');

INSERT INTO dbadeec.usuarios (cd_usuario, nm_usuario, nr_cpf, ds_email, nr_ddd, nr_telefone, cd_tp_usuario, sn_ativo, dt_cadastro, hr_cadastro)
VALUES (32, 'Gustavo Santos', '12345678918', 'gustavosantos@example.com', '11', '987654338', 2, 'S', '2023-06-25', '11:00:00');

INSERT INTO dbadeec.usuarios (cd_usuario, nm_usuario, nr_cpf, ds_email, nr_ddd, nr_telefone, cd_tp_usuario, sn_ativo, dt_cadastro, hr_cadastro)
VALUES (33, 'Fernanda Lima', '12345678919', 'fernandalima@example.com', '11', '987654339', 2, 'S', '2023-06-25', '12:00:00');

INSERT INTO dbadeec.usuarios (cd_usuario, nm_usuario, nr_cpf, ds_email, nr_ddd, nr_telefone, cd_tp_usuario, sn_ativo, dt_cadastro, hr_cadastro)
VALUES (34, 'Pedro Carvalho', '12345678920', 'pedrocarvalho@example.com', '11', '987654340', 2, 'S', '2023-06-25', '13:00:00');

INSERT INTO dbadeec.usuarios (cd_usuario, nm_usuario, nr_cpf, ds_email, nr_ddd, nr_telefone, cd_tp_usuario, sn_ativo, dt_cadastro, hr_cadastro)
VALUES (35, 'Laura Pereira', '12345678921', 'laurapereira@example.com', '11', '987654341', 2, 'S', '2023-06-25', '14:00:00');

INSERT INTO dbadeec.usuarios (cd_usuario, nm_usuario, nr_cpf, ds_email, nr_ddd, nr_telefone, cd_tp_usuario, sn_ativo, dt_cadastro, hr_cadastro)
VALUES (36, 'Rafael Castro', '12345678922', 'rafaelcastro@example.com', '11', '987654342', 2, 'S', '2023-06-25', '15:00:00');

INSERT INTO dbadeec.usuarios (cd_usuario, nm_usuario, nr_cpf, ds_email, nr_ddd, nr_telefone, cd_tp_usuario, sn_ativo, dt_cadastro, hr_cadastro)
VALUES (37, 'Beatriz Oliveira', '12345678923', 'beatrizoliveira@example.com', '11', '987654343', 2, 'S', '2023-06-25', '16:00:00');

INSERT INTO dbadeec.usuarios (cd_usuario, nm_usuario, nr_cpf, ds_email, nr_ddd, nr_telefone, cd_tp_usuario, sn_ativo, dt_cadastro, hr_cadastro)
VALUES (38, 'Guilherme Costa', '12345678924', 'guilhermecosta@example.com', '11', '987654344', 2, 'S', '2023-06-25', '17:00:00');

INSERT INTO dbadeec.usuarios (cd_usuario, nm_usuario, nr_cpf, ds_email, nr_ddd, nr_telefone, cd_tp_usuario, sn_ativo, dt_cadastro, hr_cadastro)
VALUES (39, 'Isabela Santos', '12345678925', 'isabelasantos@example.com', '11', '987654345', 2, 'S', '2023-06-25', '18:00:00');

INSERT INTO dbadeec.usuarios (cd_usuario, nm_usuario, nr_cpf, ds_email, nr_ddd, nr_telefone, cd_tp_usuario, sn_ativo, dt_cadastro, hr_cadastro)
VALUES (40, 'Eduardo Silva', '12345678926', 'eduardosilva@example.com', '11', '987654346', 2, 'S', '2023-06-25', '19:00:00');

INSERT INTO dbadeec.usuarios (cd_usuario, nm_usuario, nr_cpf, ds_email, nr_ddd, nr_telefone, cd_tp_usuario, sn_ativo, dt_cadastro, hr_cadastro)
VALUES (41, 'Sophie Pereira', '12345678927', 'sophiepereira@example.com', '11', '987654347', 2, 'S', '2023-06-25', '20:00:00');

INSERT INTO dbadeec.usuarios (cd_usuario, nm_usuario, nr_cpf, ds_email, nr_ddd, nr_telefone, cd_tp_usuario, sn_ativo, dt_cadastro, hr_cadastro)
VALUES (42, 'Ricardo Oliveira', '12345678928', 'ricardooliveira@example.com', '11', '987654348', 2, 'S', '2023-06-25', '21:00:00');

INSERT INTO dbadeec.usuarios (cd_usuario, nm_usuario, nr_cpf, ds_email, nr_ddd, nr_telefone, cd_tp_usuario, sn_ativo, dt_cadastro, hr_cadastro)
VALUES (43, 'Amanda Rodrigues', '12345678929', 'amandarodrigues@example.com', '11', '987654349', 2, 'S', '2023-06-25', '22:00:00');

INSERT INTO dbadeec.usuarios (cd_usuario, nm_usuario, nr_cpf, ds_email, nr_ddd, nr_telefone, cd_tp_usuario, sn_ativo, dt_cadastro, hr_cadastro)
VALUES (44, 'Leonardo Ferreira', '12345678930', 'leonardoferreira@example.com', '11', '987654350', 2, 'S', '2023-06-25', '23:00:00');

INSERT INTO dbadeec.usuarios (cd_usuario, nm_usuario, nr_cpf, ds_email, nr_ddd, nr_telefone, cd_tp_usuario, sn_ativo, dt_cadastro, hr_cadastro)
VALUES (45, 'Carolina Lima', '12345678931', 'carolinalima@example.com', '11', '987654351', 2, 'S', '2023-06-25', '09:00:00');

INSERT INTO dbadeec.usuarios (cd_usuario, nm_usuario, nr_cpf, ds_email, nr_ddd, nr_telefone, cd_tp_usuario, sn_ativo, dt_cadastro, hr_cadastro)
VALUES (46, 'Bruno Castro', '12345678932', 'brunocastro@example.com', '11', '987654352', 2, 'S', '2023-06-25', '10:00:00');

INSERT INTO dbadeec.usuarios (cd_usuario, nm_usuario, nr_cpf, ds_email, nr_ddd, nr_telefone, cd_tp_usuario, sn_ativo, dt_cadastro, hr_cadastro)
VALUES (47, 'Juliana Oliveira', '12345678933', 'julianaoliveira@example.com', '11', '987654353', 2, 'S', '2023-06-25', '11:00:00');

INSERT INTO dbadeec.usuarios (cd_usuario, nm_usuario, nr_cpf, ds_email, nr_ddd, nr_telefone, cd_tp_usuario, sn_ativo, dt_cadastro, hr_cadastro)
VALUES (48, 'Gabriel Costa', '12345678934', 'gabrielcosta@example.com', '11', '987654354', 2, 'S', '2023-06-25', '12:00:00');

INSERT INTO dbadeec.usuarios (cd_usuario, nm_usuario, nr_cpf, ds_email, nr_ddd, nr_telefone, cd_tp_usuario, sn_ativo, dt_cadastro, hr_cadastro)
VALUES (49, 'Isabella Santos', '12345678935', 'isabellasantos@example.com', '11', '987654355', 2, 'S', '2023-06-25', '13:00:00');

INSERT INTO dbadeec.usuarios (cd_usuario, nm_usuario, nr_cpf, ds_email, nr_ddd, nr_telefone, cd_tp_usuario, sn_ativo, dt_cadastro, hr_cadastro)
VALUES (50, 'Matheus Silva', '12345678936', 'matheussilva@example.com', '11', '987654356', 2, 'S', '2023-06-25', '14:00:00');

INSERT INTO dbadeec.usuarios (cd_usuario, nm_usuario, nr_cpf, ds_email, nr_ddd, nr_telefone, cd_tp_usuario, sn_ativo, dt_cadastro, hr_cadastro)
VALUES (51, 'Luana Pereira', '12345678937', 'luanapereira@example.com', '11', '987654357', 2, 'S', '2023-06-25', '15:00:00');

INSERT INTO dbadeec.usuarios (cd_usuario, nm_usuario, nr_cpf, ds_email, nr_ddd, nr_telefone, cd_tp_usuario, sn_ativo, dt_cadastro, hr_cadastro)
VALUES (52, 'André Castro', '12345678938', 'andrecastro@example.com', '11', '987654358', 2, 'S', '2023-06-25', '16:00:00');

INSERT INTO dbadeec.usuarios (cd_usuario, nm_usuario, nr_cpf, ds_email, nr_ddd, nr_telefone, cd_tp_usuario, sn_ativo, dt_cadastro, hr_cadastro)
VALUES (53, 'Mariana Oliveira', '12345678939', 'marianaoliveira@example.com', '11', '987654359', 2, 'S', '2023-06-25', '17:00:00');

INSERT INTO dbadeec.usuarios (cd_usuario, nm_usuario, nr_cpf, ds_email, nr_ddd, nr_telefone, cd_tp_usuario, sn_ativo, dt_cadastro, hr_cadastro)
VALUES (54, 'Henrique Ferreira', '12345678940', 'henriqueferreira@example.com', '11', '987654360', 2, 'S', '2023-06-25', '18:00:00');

INSERT INTO dbadeec.usuarios (cd_usuario, nm_usuario, nr_cpf, ds_email, nr_ddd, nr_telefone, cd_tp_usuario, sn_ativo, dt_cadastro, hr_cadastro)
VALUES (55, 'Larissa Costa', '12345678941', 'larissacosta@example.com', '11', '987654361', 2, 'S', '2023-06-25', '19:00:00');

INSERT INTO dbadeec.usuarios (cd_usuario, nm_usuario, nr_cpf, ds_email, nr_ddd, nr_telefone, cd_tp_usuario, sn_ativo, dt_cadastro, hr_cadastro)
VALUES (56, 'Ricardo Santos', '12345678942', 'ricardosantos@example.com', '11', '987654362', 2, 'S', '2023-06-25', '20:00:00');

INSERT INTO dbadeec.usuarios (cd_usuario, nm_usuario, nr_cpf, ds_email, nr_ddd, nr_telefone, cd_tp_usuario, sn_ativo, dt_cadastro, hr_cadastro)
VALUES (57, 'Natália Lima', '12345678943', 'natalialima@example.com', '11', '987654363', 2, 'S', '2023-06-25', '21:00:00');

INSERT INTO dbadeec.usuarios (cd_usuario, nm_usuario, nr_cpf, ds_email, nr_ddd, nr_telefone, cd_tp_usuario, sn_ativo, dt_cadastro, hr_cadastro)
VALUES (58, 'Felipe Oliveira', '12345678944', 'felipeoliveira@example.com', '11', '987654364', 2, 'S', '2023-06-25', '22:00:00');

INSERT INTO dbadeec.usuarios (cd_usuario, nm_usuario, nr_cpf, ds_email, nr_ddd, nr_telefone, cd_tp_usuario, sn_ativo, dt_cadastro, hr_cadastro)
VALUES (59, 'Aline Rodrigues', '12345678945', 'alinerodrigues@example.com', '11', '987654365', 2, 'S', '2023-06-25', '23:00:00');

INSERT INTO dbadeec.usuarios (cd_usuario, nm_usuario, nr_cpf, ds_email, nr_ddd, nr_telefone, cd_tp_usuario, sn_ativo, dt_cadastro, hr_cadastro)
VALUES (60, 'Marcelo Ferreira', '12345678946', 'marceloferreira@example.com', '11', '987654366', 2, 'S', '2023-06-25', '09:00:00');

INSERT INTO dbadeec.usuarios (cd_usuario, nm_usuario, nr_cpf, ds_email, nr_ddd, nr_telefone, cd_tp_usuario, sn_ativo, dt_cadastro, hr_cadastro)
VALUES (61, 'Letícia Silva', '12345678947', 'leticiasilva@example.com', '11', '987654367', 2, 'S', '2023-06-25', '10:00:00');

INSERT INTO dbadeec.usuarios (cd_usuario, nm_usuario, nr_cpf, ds_email, nr_ddd, nr_telefone, cd_tp_usuario, sn_ativo, dt_cadastro, hr_cadastro)
VALUES (62, 'Carlos Santos', '12345678948', 'carlossantos@example.com', '11', '987654368', 2, 'S', '2023-06-25', '11:00:00');

INSERT INTO dbadeec.usuarios (cd_usuario, nm_usuario, nr_cpf, ds_email, nr_ddd, nr_telefone, cd_tp_usuario, sn_ativo, dt_cadastro, hr_cadastro)
VALUES (63, 'Natasha Costa', '12345678949', 'natashacosta@example.com', '11', '987654369', 2, 'S', '2023-06-25', '12:00:00');

INSERT INTO dbadeec.usuarios (cd_usuario, nm_usuario, nr_cpf, ds_email, nr_ddd, nr_telefone, cd_tp_usuario, sn_ativo, dt_cadastro, hr_cadastro)
VALUES (64, 'Diego Oliveira', '12345678950', 'diegooliveira@example.com', '11', '987654370', 2, 'S', '2023-06-25', '13:00:00');

INSERT INTO dbadeec.usuarios (cd_usuario, nm_usuario, nr_cpf, ds_email, nr_ddd, nr_telefone, cd_tp_usuario, sn_ativo, dt_cadastro, hr_cadastro)
VALUES (65, 'Mariana Castro', '12345678951', 'marianacastro@example.com', '11', '987654371', 2, 'S', '2023-06-25', '14:00:00');

INSERT INTO dbadeec.usuarios (cd_usuario, nm_usuario, nr_cpf, ds_email, nr_ddd, nr_telefone, cd_tp_usuario, sn_ativo, dt_cadastro, hr_cadastro)
VALUES (66, 'Rafaela Lima', '12345678952', 'rafaelalima@example.com', '11', '987654372', 2, 'S', '2023-06-25', '15:00:00');

INSERT INTO dbadeec.usuarios (cd_usuario, nm_usuario, nr_cpf, ds_email, nr_ddd, nr_telefone, cd_tp_usuario, sn_ativo, dt_cadastro, hr_cadastro)
VALUES (67, 'José Castro', '12345678953', 'josecastro@example.com', '11', '987654373', 2, 'S', '2023-06-25', '16:00:00');

INSERT INTO dbadeec.usuarios (cd_usuario, nm_usuario, nr_cpf, ds_email, nr_ddd, nr_telefone, cd_tp_usuario, sn_ativo, dt_cadastro, hr_cadastro)
VALUES (68, 'Larissa Costa', '12345678954', 'larissacosta@example.com', '11', '987654374', 2, 'S', '2023-06-25', '17:00:00');

INSERT INTO dbadeec.usuarios (cd_usuario, nm_usuario, nr_cpf, ds_email, nr_ddd, nr_telefone, cd_tp_usuario, sn_ativo, dt_cadastro, hr_cadastro)
VALUES (69, 'Pedro Oliveira', '12345678955', 'pedrooliveira@example.com', '11', '987654375', 2, 'S', '2023-06-25', '18:00:00');

INSERT INTO dbadeec.usuarios (cd_usuario, nm_usuario, nr_cpf, ds_email, nr_ddd, nr_telefone, cd_tp_usuario, sn_ativo, dt_cadastro, hr_cadastro)
VALUES (70, 'Juliana Santos', '12345678956', 'julianasantos@example.com', '11', '987654376', 2, 'S', '2023-06-25', '19:00:00');

INSERT INTO dbadeec.usuarios (cd_usuario, nm_usuario, nr_cpf, ds_email, nr_ddd, nr_telefone, cd_tp_usuario, sn_ativo, dt_cadastro, hr_cadastro)
VALUES (71, 'Vinícius Lima', '12345678957', 'viniciuslima@example.com', '11', '987654377', 2, 'S', '2023-06-25', '20:00:00');

INSERT INTO dbadeec.usuarios (cd_usuario, nm_usuario, nr_cpf, ds_email, nr_ddd, nr_telefone, cd_tp_usuario, sn_ativo, dt_cadastro, hr_cadastro)
VALUES (72, 'Bianca Costa', '12345678958', 'biancacosta@example.com', '11', '987654378', 2, 'S', '2023-06-25', '21:00:00');

INSERT INTO dbadeec.usuarios (cd_usuario, nm_usuario, nr_cpf, ds_email, nr_ddd, nr_telefone, cd_tp_usuario, sn_ativo, dt_cadastro, hr_cadastro)
VALUES (73, 'Gustavo Rodrigues', '12345678959', 'gustavorodrigues@example.com', '11', '987654379', 2, 'S', '2023-06-25', '22:00:00');

INSERT INTO dbadeec.usuarios (cd_usuario, nm_usuario, nr_cpf, ds_email, nr_ddd, nr_telefone, cd_tp_usuario, sn_ativo, dt_cadastro, hr_cadastro)
VALUES (74, 'Isabela Santos', '12345678960', 'isabelasantos@example.com', '11', '987654380', 2, 'S', '2023-06-25', '23:00:00');

INSERT INTO dbadeec.usuarios (cd_usuario, nm_usuario, nr_cpf, ds_email, nr_ddd, nr_telefone, cd_tp_usuario, sn_ativo, dt_cadastro, hr_cadastro)
VALUES (75, 'Rafaela Oliveira', '12345678961', 'rafaelaoliveira@example.com', '11', '987654381', 2, 'S', '2023-06-25', '09:00:00');

INSERT INTO dbadeec.usuarios (cd_usuario, nm_usuario, nr_cpf, ds_email, nr_ddd, nr_telefone, cd_tp_usuario, sn_ativo, dt_cadastro, hr_cadastro)
VALUES (76, 'Lucas Ferreira', '12345678962', 'lucasferreira@example.com', '11', '987654382', 2, 'S', '2023-06-25', '10:00:00');

INSERT INTO dbadeec.usuarios (cd_usuario, nm_usuario, nr_cpf, ds_email, nr_ddd, nr_telefone, cd_tp_usuario, sn_ativo, dt_cadastro, hr_cadastro)
VALUES (77, 'Maria Castro', '12345678963', 'mariacastro@example.com', '11', '987654383', 2, 'S', '2023-06-25', '11:00:00');

INSERT INTO dbadeec.usuarios (cd_usuario, nm_usuario, nr_cpf, ds_email, nr_ddd, nr_telefone, cd_tp_usuario, sn_ativo, dt_cadastro, hr_cadastro)
VALUES (78, 'André Oliveira', '12345678964', 'andreoliveira@example.com', '11', '987654384', 2, 'S', '2023-06-25', '12:00:00');

INSERT INTO dbadeec.usuarios (cd_usuario, nm_usuario, nr_cpf, ds_email, nr_ddd, nr_telefone, cd_tp_usuario, sn_ativo, dt_cadastro, hr_cadastro)
VALUES (79, 'Carolina Lima', '12345678965', 'carolinalima@example.com', '11', '987654385', 2, 'S', '2023-06-25', '13:00:00');

INSERT INTO dbadeec.usuarios (cd_usuario, nm_usuario, nr_cpf, ds_email, nr_ddd, nr_telefone, cd_tp_usuario, sn_ativo, dt_cadastro, hr_cadastro)
VALUES (80, 'Bruno Castro', '12345678966', 'brunocastro@example.com', '11', '987654386', 2, 'S', '2023-06-25', '14:00:00');

INSERT INTO dbadeec.usuarios (cd_usuario, nm_usuario, nr_cpf, ds_email, nr_ddd, nr_telefone, cd_tp_usuario, sn_ativo, dt_cadastro, hr_cadastro)
VALUES (81, 'Juliana Oliveira', '12345678967', 'julianaoliveira@example.com', '11', '987654387', 2, 'S', '2023-06-25', '15:00:00');

INSERT INTO dbadeec.usuarios (cd_usuario, nm_usuario, nr_cpf, ds_email, nr_ddd, nr_telefone, cd_tp_usuario, sn_ativo, dt_cadastro, hr_cadastro)
VALUES (82, 'Gabriel Costa', '12345678968', 'gabrielcosta@example.com', '11', '987654388', 2, 'S', '2023-06-25', '16:00:00');

INSERT INTO dbadeec.usuarios (cd_usuario, nm_usuario, nr_cpf, ds_email, nr_ddd, nr_telefone, cd_tp_usuario, sn_ativo, dt_cadastro, hr_cadastro)
VALUES (83, 'Isabella Santos', '12345678969', 'isabellasantos@example.com', '11', '987654389', 2, 'S', '2023-06-25', '17:00:00');

INSERT INTO dbadeec.usuarios (cd_usuario, nm_usuario, nr_cpf, ds_email, nr_ddd, nr_telefone, cd_tp_usuario, sn_ativo, dt_cadastro, hr_cadastro)
VALUES (84, 'Matheus Lima', '12345678970', 'matheuslima@example.com', '11', '987654390', 2, 'S', '2023-06-25', '18:00:00');

INSERT INTO dbadeec.usuarios (cd_usuario, nm_usuario, nr_cpf, ds_email, nr_ddd, nr_telefone, cd_tp_usuario, sn_ativo, dt_cadastro, hr_cadastro)
VALUES (85, 'Luiza Castro', '12345678971', 'luizacastro@example.com', '11', '987654391', 2, 'S', '2023-06-25', '19:00:00');

INSERT INTO dbadeec.usuarios (cd_usuario, nm_usuario, nr_cpf, ds_email, nr_ddd, nr_telefone, cd_tp_usuario, sn_ativo, dt_cadastro, hr_cadastro)
VALUES (86, 'Henrique Oliveira', '12345678972', 'henriqueoliveira@example.com', '11', '987654392', 2, 'S', '2023-06-25', '20:00:00');

INSERT INTO dbadeec.usuarios (cd_usuario, nm_usuario, nr_cpf, ds_email, nr_ddd, nr_telefone, cd_tp_usuario, sn_ativo, dt_cadastro, hr_cadastro)
VALUES (87, 'Ana Costa', '12345678973', 'anacosta@example.com', '11', '987654393', 2, 'S', '2023-06-25', '21:00:00');

INSERT INTO dbadeec.usuarios (cd_usuario, nm_usuario, nr_cpf, ds_email, nr_ddd, nr_telefone, cd_tp_usuario, sn_ativo, dt_cadastro, hr_cadastro)
VALUES (88, 'Pedro Lima', '12345678974', 'pedrolima@example.com', '11', '987654394', 2, 'S', '2023-06-25', '22:00:00');

INSERT INTO dbadeec.usuarios (cd_usuario, nm_usuario, nr_cpf, ds_email, nr_ddd, nr_telefone, cd_tp_usuario, sn_ativo, dt_cadastro, hr_cadastro)
VALUES (89, 'Mariana Oliveira', '12345678975', 'marianaoliveira@example.com', '11', '987654395', 2, 'S', '2023-06-25', '23:00:00');

INSERT INTO dbadeec.usuarios (cd_usuario, nm_usuario, nr_cpf, ds_email, nr_ddd, nr_telefone, cd_tp_usuario, sn_ativo, dt_cadastro, hr_cadastro)
VALUES (90, 'Henrique Ferreira', '12345678976', 'henriqueferreira@example.com', '11', '987654396', 2, 'S', '2023-06-25', '09:00:00');

INSERT INTO dbadeec.usuarios (cd_usuario, nm_usuario, nr_cpf, ds_email, nr_ddd, nr_telefone, cd_tp_usuario, sn_ativo, dt_cadastro, hr_cadastro)
VALUES (91, 'Larissa Costa', '12345678977', 'larissacosta@example.com', '11', '987654397', 2, 'S', '2023-06-25', '10:00:00');

INSERT INTO dbadeec.usuarios (cd_usuario, nm_usuario, nr_cpf, ds_email, nr_ddd, nr_telefone, cd_tp_usuario, sn_ativo, dt_cadastro, hr_cadastro)
VALUES (92, 'Rafael Oliveira', '12345678978', 'rafaeloliveira@example.com', '11', '987654398', 2, 'S', '2023-06-25', '11:00:00');

INSERT INTO dbadeec.usuarios (cd_usuario, nm_usuario, nr_cpf, ds_email, nr_ddd, nr_telefone, cd_tp_usuario, sn_ativo, dt_cadastro, hr_cadastro)
VALUES (93, 'Laura Santos', '12345678979', 'laurasantos@example.com', '11', '987654399', 2, 'S', '2023-06-25', '12:00:00');

INSERT INTO dbadeec.usuarios (cd_usuario, nm_usuario, nr_cpf, ds_email, nr_ddd, nr_telefone, cd_tp_usuario, sn_ativo, dt_cadastro, hr_cadastro)
VALUES (94, 'Fernando Costa', '12345678980', 'fernandocosta@example.com', '11', '987654400', 2, 'S', '2023-06-25', '13:00:00');

INSERT INTO dbadeec.usuarios (cd_usuario, nm_usuario, nr_cpf, ds_email, nr_ddd, nr_telefone, cd_tp_usuario, sn_ativo, dt_cadastro, hr_cadastro)
VALUES (95, 'Gabriela Lima', '12345678981', 'gabrielalima@example.com', '11', '987654401', 2, 'S', '2023-06-25', '14:00:00');

INSERT INTO dbadeec.usuarios (cd_usuario, nm_usuario, nr_cpf, ds_email, nr_ddd, nr_telefone, cd_tp_usuario, sn_ativo, dt_cadastro, hr_cadastro)
VALUES (96, 'João Castro', '12345678982', 'joaocastro@example.com', '11', '987654402', 2, 'S', '2023-06-25', '15:00:00');

INSERT INTO dbadeec.usuarios (cd_usuario, nm_usuario, nr_cpf, ds_email, nr_ddd, nr_telefone, cd_tp_usuario, sn_ativo, dt_cadastro, hr_cadastro)
VALUES (97, 'Carolina Oliveira', '12345678983', 'carolinaoliveira@example.com', '11', '987654403', 2, 'S', '2023-06-25', '16:00:00');

INSERT INTO dbadeec.usuarios (cd_usuario, nm_usuario, nr_cpf, ds_email, nr_ddd, nr_telefone, cd_tp_usuario, sn_ativo, dt_cadastro, hr_cadastro)
VALUES (98, 'Pedro Costa', '12345678984', 'pedrocosta@example.com', '11', '987654404', 2, 'S', '2023-06-25', '17:00:00');

INSERT INTO dbadeec.usuarios (cd_usuario, nm_usuario, nr_cpf, ds_email, nr_ddd, nr_telefone, cd_tp_usuario, sn_ativo, dt_cadastro, hr_cadastro)
VALUES (99, 'Marina Santos', '12345678985', 'marinasantos@example.com', '11', '987654405', 2, 'S', '2023-06-25', '18:00:00');

INSERT INTO dbadeec.usuarios (cd_usuario, nm_usuario, nr_cpf, ds_email, nr_ddd, nr_telefone, cd_tp_usuario, sn_ativo, dt_cadastro, hr_cadastro)
VALUES (100, 'Rodrigo Lima', '12345678986', 'rodrigolima@example.com', '11', '987654406', 2, 'S', '2023-06-25', '19:00:00');

INSERT INTO dbadeec.localizacao (cd_localizacao, ds_logradouro, nr_endereco, ds_complemento, ds_bairro, ds_cidade, ds_estado, ds_pais, ds_cep)
VALUES (1, 'Rua A', '123', 'Apto 1', 'Centro', 'São Paulo', 'SP', 'Brasil', '01234-567');

INSERT INTO dbadeec.localizacao (cd_localizacao, ds_logradouro, nr_endereco, ds_complemento, ds_bairro, ds_cidade, ds_estado, ds_pais, ds_cep)
VALUES (2, 'Avenida B', '456', NULL, 'Vila Nova', 'Rio de Janeiro', 'RJ', 'Brasil', '04567-890');

INSERT INTO dbadeec.localizacao (cd_localizacao, ds_logradouro, nr_endereco, ds_complemento, ds_bairro, ds_cidade, ds_estado, ds_pais, ds_cep)
VALUES (3, 'Praça C', '789', NULL, 'Centro', 'Belo Horizonte', 'MG', 'Brasil', '07890-123');

INSERT INTO dbadeec.localizacao (cd_localizacao, ds_logradouro, nr_endereco, ds_complemento, ds_bairro, ds_cidade, ds_estado, ds_pais, ds_cep)
VALUES (4, 'Rua D', '987', 'Casa 2', 'Jardim Botânico', 'Curitiba', 'PR', 'Brasil', '09876-543');

INSERT INTO dbadeec.localizacao (cd_localizacao, ds_logradouro, nr_endereco, ds_complemento, ds_bairro, ds_cidade, ds_estado, ds_pais, ds_cep)
VALUES (5, 'Avenida E', '654', NULL, 'Centro', 'Porto Alegre', 'RS', 'Brasil', '06543-210');

INSERT INTO dbadeec.localizacao (cd_localizacao, ds_logradouro, nr_endereco, ds_complemento, ds_bairro, ds_cidade, ds_estado, ds_pais, ds_cep)
VALUES (6, 'Rua F', '321', 'Sala 3', 'Centro', 'Salvador', 'BA', 'Brasil', '03210-987');

INSERT INTO dbadeec.localizacao (cd_localizacao, ds_logradouro, nr_endereco, ds_complemento, ds_bairro, ds_cidade, ds_estado, ds_pais, ds_cep)
VALUES (7, 'Avenida G', '159', NULL, 'Barra da Tijuca', 'Rio de Janeiro', 'RJ', 'Brasil', '01590-876');

INSERT INTO dbadeec.localizacao (cd_localizacao, ds_logradouro, nr_endereco, ds_complemento, ds_bairro, ds_cidade, ds_estado, ds_pais, ds_cep)
VALUES (8, 'Praça H', '357', NULL, 'Centro', 'Porto Alegre', 'RS', 'Brasil', '03570-912');

INSERT INTO dbadeec.localizacao (cd_localizacao, ds_logradouro, nr_endereco, ds_complemento, ds_bairro, ds_cidade, ds_estado, ds_pais, ds_cep)
VALUES (9, 'Rua I', '852', 'Apto 5', 'Itaim Bibi', 'São Paulo', 'SP', 'Brasil', '08520-456');

INSERT INTO dbadeec.localizacao (cd_localizacao, ds_logradouro, nr_endereco, ds_complemento, ds_bairro, ds_cidade, ds_estado, ds_pais, ds_cep)
VALUES (10, 'Avenida J', '753', NULL, 'Centro', 'Belo Horizonte', 'MG', 'Brasil', '07530-678');

INSERT INTO dbadeec.localizacao (cd_localizacao, ds_logradouro, nr_endereco, ds_complemento, ds_bairro, ds_cidade, ds_estado, ds_pais, ds_cep)
VALUES (11, 'Rua K', '246', 'Casa 1', 'Jardins', 'São Paulo', 'SP', 'Brasil', '02460-345');

INSERT INTO dbadeec.localizacao (cd_localizacao, ds_logradouro, nr_endereco, ds_complemento, ds_bairro, ds_cidade, ds_estado, ds_pais, ds_cep)
VALUES (12, 'Avenida L', '975', NULL, 'Centro', 'Rio de Janeiro', 'RJ', 'Brasil', '09750-234');

INSERT INTO dbadeec.localizacao (cd_localizacao, ds_logradouro, nr_endereco, ds_complemento, ds_bairro, ds_cidade, ds_estado, ds_pais, ds_cep)
VALUES (13, 'Praça M', '582', NULL, 'Centro', 'Curitiba', 'PR', 'Brasil', '05820-876');

INSERT INTO dbadeec.localizacao (cd_localizacao, ds_logradouro, nr_endereco, ds_complemento, ds_bairro, ds_cidade, ds_estado, ds_pais, ds_cep)
VALUES (14, 'Rua N', '319', 'Sala 2', 'Centro', 'Porto Alegre', 'RS', 'Brasil', '03190-543');

INSERT INTO dbadeec.localizacao (cd_localizacao, ds_logradouro, nr_endereco, ds_complemento, ds_bairro, ds_cidade, ds_estado, ds_pais, ds_cep)
VALUES (15, 'Avenida O', '764', NULL, 'Copacabana', 'Rio de Janeiro', 'RJ', 'Brasil', '07640-901');

INSERT INTO dbadeec.demanda (cd_demanda, nm_demanda, ds_descricao, qt_horas, qt_vagas, dt_inicio, dt_fim, sn_finalizada, dt_cadastro, hr_cadastro, dt_fim_inscricao, cd_usuario, cd_imagem, cd_localizacao)
VALUES (1, 'Projeto de Desenvolvimento Web', 'Descrição do projeto de desenvolvimento web', '2023-06-25', 5, '2023-07-01', '2023-07-31', 'N', '2023-06-25', '09:00:00', '2023-06-30', 1, 1, 1);

INSERT INTO dbadeec.demanda (cd_demanda, nm_demanda, ds_descricao, qt_horas, qt_vagas, dt_inicio, dt_fim, sn_finalizada, dt_cadastro, hr_cadastro, dt_fim_inscricao, cd_usuario, cd_imagem, cd_localizacao)
VALUES (2, 'Campanha de Marketing Digital', 'Descrição da campanha de marketing digital', '2023-06-25', 3, '2023-08-01', '2023-08-31', 'N', '2023-06-25', '10:00:00', '2023-07-30', 2, 2, 2);

INSERT INTO dbadeec.demanda (cd_demanda, nm_demanda, ds_descricao, qt_horas, qt_vagas, dt_inicio, dt_fim, sn_finalizada, dt_cadastro, hr_cadastro, dt_fim_inscricao, cd_usuario, cd_imagem, cd_localizacao)
VALUES (3, 'Pesquisa de Mercado', 'Descrição da pesquisa de mercado', '2023-06-25', 2, '2023-09-01', '2023-09-30', 'N', '2023-06-25', '11:00:00', '2023-08-31', 3, 3, 3);

INSERT INTO dbadeec.demanda (cd_demanda, nm_demanda, ds_descricao, qt_horas, qt_vagas, dt_inicio, dt_fim, sn_finalizada, dt_cadastro, hr_cadastro, dt_fim_inscricao, cd_usuario, cd_imagem, cd_localizacao)
VALUES (4, 'Treinamento de Funcionários', 'Descrição do treinamento de funcionários', '2023-06-25', 4, '2023-10-01', '2023-10-31', 'N', '2023-06-25', '12:00:00', '2023-09-30', 4, 4, 4);

INSERT INTO dbadeec.demanda (cd_demanda, nm_demanda, ds_descricao, qt_horas, qt_vagas, dt_inicio, dt_fim, sn_finalizada, dt_cadastro, hr_cadastro, dt_fim_inscricao, cd_usuario, cd_imagem, cd_localizacao)
VALUES (5, 'Criação de Identidade Visual', 'Descrição da criação de identidade visual', '2023-06-25', 2, '2023-11-01', '2023-11-30', 'N', '2023-06-25', '13:00:00', '2023-10-31', 5, 5, 5);

INSERT INTO dbadeec.demanda (cd_demanda, nm_demanda, ds_descricao, qt_horas, qt_vagas, dt_inicio, dt_fim, sn_finalizada, dt_cadastro, hr_cadastro, dt_fim_inscricao, cd_usuario, cd_imagem, cd_localizacao)
VALUES (6, 'Manutenção de Software', 'Descrição da manutenção de software', '2023-06-25', 3, '2023-12-01', '2023-12-31', 'N', '2023-06-25', '14:00:00', '2023-11-30', 6, 6, 6);

INSERT INTO dbadeec.demanda (cd_demanda, nm_demanda, ds_descricao, qt_horas, qt_vagas, dt_inicio, dt_fim, sn_finalizada, dt_cadastro, hr_cadastro, dt_fim_inscricao, cd_usuario, cd_imagem, cd_localizacao)
VALUES (7, 'Gestão de Redes Sociais', 'Descrição da gestão de redes sociais', '2023-06-25', 2, '2024-01-01', '2024-01-31', 'N', '2023-06-25', '15:00:00', '2023-12-31', 7, 7, 7);

INSERT INTO dbadeec.demanda (cd_demanda, nm_demanda, ds_descricao, qt_horas, qt_vagas, dt_inicio, dt_fim, sn_finalizada, dt_cadastro, hr_cadastro, dt_fim_inscricao, cd_usuario, cd_imagem, cd_localizacao)
VALUES (8, 'Desenvolvimento de Aplicativo', 'Descrição do desenvolvimento de aplicativo', '2023-06-25', 4, '2024-02-01', '2024-02-29', 'N', '2023-06-25', '16:00:00', '2024-01-31', 8, 8, 8);

INSERT INTO dbadeec.demanda (cd_demanda, nm_demanda, ds_descricao, qt_horas, qt_vagas, dt_inicio, dt_fim, sn_finalizada, dt_cadastro, hr_cadastro, dt_fim_inscricao, cd_usuario, cd_imagem, cd_localizacao)
VALUES (9, 'Análise de Dados', 'Descrição da análise de dados', '2023-06-25', 3, '2024-03-01', '2024-03-31', 'N', '2023-06-25', '17:00:00', '2024-02-29', 9, 9, 9);

INSERT INTO dbadeec.demanda (cd_demanda, nm_demanda, ds_descricao, qt_horas, qt_vagas, dt_inicio, dt_fim, sn_finalizada, dt_cadastro, hr_cadastro, dt_fim_inscricao, cd_usuario, cd_imagem, cd_localizacao)
VALUES (10, 'Tradução de Documentos', 'Descrição da tradução de documentos', '2023-06-25', 2, '2024-04-01', '2024-04-30', 'N', '2023-06-25', '18:00:00', '2024-03-31', 10, 10, 10);

INSERT INTO dbadeec.demanda (cd_demanda, nm_demanda, ds_descricao, qt_horas, qt_vagas, dt_inicio, dt_fim, sn_finalizada, dt_cadastro, hr_cadastro, dt_fim_inscricao, cd_usuario, cd_imagem, cd_localizacao)
VALUES (11, 'Assessoria Contábil', 'Descrição da assessoria contábil', '2023-06-25', 3, '2024-05-01', '2024-05-31', 'N', '2023-06-25', '19:00:00', '2024-04-30', 11, 11, 11);

INSERT INTO dbadeec.demanda (cd_demanda, nm_demanda, ds_descricao, qt_horas, qt_vagas, dt_inicio, dt_fim, sn_finalizada, dt_cadastro, hr_cadastro, dt_fim_inscricao, cd_usuario, cd_imagem, cd_localizacao)
VALUES (12, 'Consultoria de Marketing', 'Descrição da consultoria de marketing', '2023-06-25', 2, '2024-06-01', '2024-06-30', 'N', '2023-06-25', '20:00:00', '2024-05-31', 12, 12, 12);

INSERT INTO dbadeec.demanda (cd_demanda, nm_demanda, ds_descricao, qt_horas, qt_vagas, dt_inicio, dt_fim, sn_finalizada, dt_cadastro, hr_cadastro, dt_fim_inscricao, cd_usuario, cd_imagem, cd_localizacao)
VALUES (13, 'Desenvolvimento de E-commerce', 'Descrição do desenvolvimento de e-commerce', '2023-06-25', 4, '2024-07-01', '2024-07-31', 'N', '2023-06-25', '21:00:00', '2024-06-30', 13, 13, 13);

INSERT INTO dbadeec.demanda (cd_demanda, nm_demanda, ds_descricao, qt_horas, qt_vagas, dt_inicio, dt_fim, sn_finalizada, dt_cadastro, hr_cadastro, dt_fim_inscricao, cd_usuario, cd_imagem, cd_localizacao)
VALUES (14, 'Suporte Técnico', 'Descrição do suporte técnico', '2023-06-25', 3, '2024-08-01', '2024-08-31', 'N', '2023-06-25', '22:00:00', '2024-07-31', 14, 14, 14);

INSERT INTO dbadeec.demanda (cd_demanda, nm_demanda, ds_descricao, qt_horas, qt_vagas, dt_inicio, dt_fim, sn_finalizada, dt_cadastro, hr_cadastro, dt_fim_inscricao, cd_usuario, cd_imagem, cd_localizacao)
VALUES (15, 'Design de Logotipo', 'Descrição do design de logotipo', '2023-06-25', 2, '2024-09-01', '2024-09-30', 'N', '2023-06-25', '23:00:00', '2024-08-31', 15, 15, 15);

INSERT INTO dbadeec.inscricao_demanda (cd_demanda, cd_inscricao_demanda, cd_usuario, dt_cadastro, hr_cadastro)
VALUES (1, 1, 23, '2023-06-25', '09:00:00');
INSERT INTO dbadeec.inscricao_demanda (cd_demanda, cd_inscricao_demanda, cd_usuario, dt_cadastro, hr_cadastro)
VALUES (1, 2, 2, '2023-06-25', '10:00:00');
INSERT INTO dbadeec.inscricao_demanda (cd_demanda, cd_inscricao_demanda, cd_usuario, dt_cadastro, hr_cadastro)
VALUES (1, 3, 3, '2023-06-25', '11:00:00');

INSERT INTO dbadeec.inscricao_demanda (cd_demanda, cd_inscricao_demanda, cd_usuario, dt_cadastro, hr_cadastro)
VALUES (2, 4, 4, '2023-06-25', '12:00:00');
INSERT INTO dbadeec.inscricao_demanda (cd_demanda, cd_inscricao_demanda, cd_usuario, dt_cadastro, hr_cadastro)
VALUES (2, 5, 5, '2023-06-25', '13:00:00');

INSERT INTO dbadeec.inscricao_demanda (cd_demanda, cd_inscricao_demanda, cd_usuario, dt_cadastro, hr_cadastro)
VALUES (3, 6, 6, '2023-06-25', '14:00:00');
INSERT INTO dbadeec.inscricao_demanda (cd_demanda, cd_inscricao_demanda, cd_usuario, dt_cadastro, hr_cadastro)
VALUES (3, 7, 7, '2023-06-25', '15:00:00');

INSERT INTO dbadeec.inscricao_demanda (cd_demanda, cd_inscricao_demanda, cd_usuario, dt_cadastro, hr_cadastro)
VALUES (4, 8, 8, '2023-06-25', '16:00:00');

INSERT INTO dbadeec.inscricao_demanda (cd_demanda, cd_inscricao_demanda, cd_usuario, dt_cadastro, hr_cadastro)
VALUES (5, 9, 9, '2023-06-25', '17:00:00');
INSERT INTO dbadeec.inscricao_demanda (cd_demanda, cd_inscricao_demanda, cd_usuario, dt_cadastro, hr_cadastro)
VALUES (5, 10, 10, '2023-06-25', '18:00:00');
INSERT INTO dbadeec.inscricao_demanda (cd_demanda, cd_inscricao_demanda, cd_usuario, dt_cadastro, hr_cadastro)
VALUES (5, 11, 11, '2023-06-25', '19:00:00');

INSERT INTO dbadeec.inscricao_demanda (cd_demanda, cd_inscricao_demanda, cd_usuario, dt_cadastro, hr_cadastro)
VALUES (6, 12, 12, '2023-06-25', '20:00:00');
INSERT INTO dbadeec.inscricao_demanda (cd_demanda, cd_inscricao_demanda, cd_usuario, dt_cadastro, hr_cadastro)
VALUES (6, 13, 13, '2023-06-25', '21:00:00');

INSERT INTO dbadeec.inscricao_demanda (cd_demanda, cd_inscricao_demanda, cd_usuario, dt_cadastro, hr_cadastro)
VALUES (7, 14, 14, '2023-06-25', '22:00:00');

INSERT INTO dbadeec.inscricao_demanda (cd_demanda, cd_inscricao_demanda, cd_usuario, dt_cadastro, hr_cadastro)
VALUES (8, 15, 15, '2023-06-25', '23:00:00');

INSERT INTO dbadeec.inscricao_demanda (cd_demanda, cd_inscricao_demanda, cd_usuario, dt_cadastro, hr_cadastro)
VALUES (9, 16, 16, '2023-06-25', '00:00:00');

INSERT INTO dbadeec.inscricao_demanda (cd_demanda, cd_inscricao_demanda, cd_usuario, dt_cadastro, hr_cadastro)
VALUES (10, 17, 17, '2023-06-25', '01:00:00');
INSERT INTO dbadeec.inscricao_demanda (cd_demanda, cd_inscricao_demanda, cd_usuario, dt_cadastro, hr_cadastro)
VALUES (10, 18, 18, '2023-06-25', '02:00:00');
INSERT INTO dbadeec.inscricao_demanda (cd_demanda, cd_inscricao_demanda, cd_usuario, dt_cadastro, hr_cadastro)
VALUES (10, 19, 19, '2023-06-25', '03:00:00');

INSERT INTO dbadeec.inscricao_demanda (cd_demanda, cd_inscricao_demanda, cd_usuario, dt_cadastro, hr_cadastro)
VALUES (1, 20, 20, '2023-06-25', '04:00:00');
INSERT INTO dbadeec.inscricao_demanda (cd_demanda, cd_inscricao_demanda, cd_usuario, dt_cadastro, hr_cadastro)
VALUES (5, 21, 21, '2023-06-25', '05:00:00');
INSERT INTO dbadeec.inscricao_demanda (cd_demanda, cd_inscricao_demanda, cd_usuario, dt_cadastro, hr_cadastro)
VALUES (10, 22, 22, '2023-06-25', '06:00:00');

COMMIT;
